{ "personas":[
    {
      "id":1,
      "name": "Kelly Skinner",
      "phone": "1-544-605-3320",
      "country": "Ecuador"
    },
    { 
      "id":2,
      "name": "Cadman Livingston",
      "phone": "(749) 718-7840",
      "country": "American Samoa"
    },
    {
      "id":3,
      "name": "Aladdin Kramer",
      "phone": "(274) 230-4872",
      "country": "French Southern Territories"
    },
    { 
      "id":4,
      "name": "Duncan Church",
      "phone": "(881) 532-8279",
      "country": "Moldova"
    },
    {
      "id":5,
      "name": "Dante Baldwin",
      "phone": "1-413-567-8767",
      "country": "Slovakia"
    },
    {
      "id":6,
      "name": "Lillith Leon",
      "phone": "(725) 583-7481",
      "country": "Niue"
    },
    {
      "id":7,
      "name": "Wade Kemp",
      "phone": "(206) 512-2081",
      "country": "United States Minor Outlying Islands"
    },
    { 
      "id":8,
      "name": "MacKensie Holmes",
      "phone": "1-433-883-5091",
      "country": "Martinique"
    },
    {
      "id":9,
      "name": "Alfreda Sutton",
      "phone": "(751) 328-4015",
      "country": "Isle of Man"
    },
    {
      "id":10,
      "name": "Evangeline Crane",
      "phone": "(793) 765-5368",
      "country": "Falkland Islands"
    },
    {
      "id":11,
      "name": "Rana Weeks",
      "phone": "(497) 628-5811",
      "country": "Pitcairn Islands"
    },
    {
      "id":12,
      "name": "Gareth Cash",
      "phone": "(134) 197-3198",
      "country": "Dominica"
    },
    {
      "id":13,
      "name": "Felicia Hewitt",
      "phone": "1-529-822-7032",
      "country": "Seychelles"
    },
    {
      "id":14,
      "name": "Gary Hester",
      "phone": "1-202-351-8357",
      "country": "Fiji"
    },
    { 
      "id":15,
      "name": "Britanney Mercado",
      "phone": "1-851-863-3012",
      "country": "Poland"
    },
    {
      "id":16,
      "name": "Nora Jordan",
      "phone": "(725) 834-8144",
      "country": "Djibouti"
    },
    {
      "id":17,
      "name": "Castor Bennett",
      "phone": "(672) 174-3143",
      "country": "India"
    },
    { 
      "id":18,
      "name": "Dawn Herring",
      "phone": "(692) 623-2825",
      "country": "Saint Lucia"
    },
    { 
      "id":19,
      "name": "Kathleen Newton",
      "phone": "(875) 291-9366",
      "country": "Iraq"
    },
    { 
      "id":20,
      "name": "Cameron Best",
      "phone": "(927) 144-1190",
      "country": "Russian Federation"
    },
    { 
      "id":21,
      "name": "Darius Whitfield",
      "phone": "(483) 556-5773",
      "country": "Libya"
    },
    { 
      "id":22,
      "name": "Glenna Talley",
      "phone": "1-762-645-2953",
      "country": "Seychelles"
    },
    { 
      "id":23,
      "name": "Tanner Stanley",
      "phone": "1-859-555-3405",
      "country": "Barbados"
    },
    { 
      "id":24,
      "name": "Bradley Lowery",
      "phone": "(262) 471-3765",
      "country": "United States"
    },
    { 
      "id":25,
      "name": "Ina Dale",
      "phone": "(436) 215-1697",
      "country": "Qatar"
    },
    {
      "id":1,
      "name": "Ira Head",
      "phone": "1-520-536-3257",
      "country": "Spain"
    },
    { 
      "id":26,
      "name": "Odessa Henderson",
      "phone": "1-533-950-3512",
      "country": "Martinique"
    },
    { 
      "id":27,
      "name": "Heidi Salas",
      "phone": "(371) 231-6288",
      "country": "Slovenia"
    },
    { 
      "id":28,
      "name": "Garrett Mcbride",
      "phone": "(154) 615-6458",
      "country": "Grenada"
    },
    {
      "id":29,
      "name": "Madonna Haney",
      "phone": "(407) 748-0756",
      "country": "Montenegro"
    }
  ]
}